model,convergence,ram,n,nevent,statistic.log,p.value.log,statistic.sc,p.value.sc,statistic.wald,p.value.wald,statistic.robust,p.value.robust,r.squared,r.squared.max,concordance,std.error.concordance,logLik,AIC,BIC,nobs,model_name,outcome
0,0,0.349 GB,2075826,155,129.0597416529381,2.697551712761026e-22,119.77390152271143,2.0131561350167376e-20,7408.43,0,114.80010429164103,2.0068175773118245e-19,6.217078393788711e-5,0.0018371435183650586,0.7196563375003185,0.017482228054825306,-1844.0189460829806,3710.0378921659612,3743.515568452073,2075826,Unadjusted,covidadmitted
1,0,0.349 GB,2075826,155,124.35193027580408,2.4089477326302605e-21,113.92257349557639,3.0084215764560505e-19,6818.38,0,110.53234321110344,1.4340848589640554e-18,5.990300040159546e-5,0.0015638914342155363,0.7143186934142032,0.018457573884961373,-1562.2778510712676,3146.555702142535,3180.0333784286468,2075826,Adjusting for time,covidadmitted
2,0,0.349 GB,2075826,155,192.34878138065187,3.5476073533923234e-29,194.0088290437891,1.6840732898105108e-29,7569.36,0,115.8566870529468,9.810431039358775e-15,9.265702906202655e-5,0.0015638914342155363,0.7836964357891303,0.02071196110326797,-1528.2794255188437,3100.5588510376874,3167.514203609911,2075826,Adjusting for time + demographics,covidadmitted
3,0,0.349 GB,2075826,155,270.19882241854793,1.831958695864228e-40,312.7009881788124,8.227526384618425e-49,31825.05,0,140.76787115615622,2.827189389817245e-16,1.3015601405719224e-4,0.0015638914342155363,0.8248530374621514,0.018686456990560034,-1489.3544049998957,3038.7088099997914,3130.011563507369,2075826,Adjusting for time + demographics + clinical,covidadmitted
