model,convergence,n,nevent,statistic.log,p.value.log,statistic.sc,p.value.sc,statistic.wald,p.value.wald,statistic.robust,p.value.robust,r.squared,r.squared.max,concordance,std.error.concordance,logLik,AIC,BIC,nobs
0,0,1952861,152,101.3471134888041,9.6588689082646e-17,105.04553338183715,1.7801207737995482e-17,5592.66,0,86.20186110471248,9.21479124969567e-14,5.1895390272060915e-5,0.0019178144948964748,0.6993058381599061,0.01927760155039363,-1823.7369703140407,3669.4739406280814,3702.7366263573904,1952861
1,0,1952861,152,96.80788403024599,7.637535683453072e-16,99.13317639605154,2.651031218737535e-16,4817.73,0,82.06840762631903,5.867303150690294e-13,4.957110852921165e-5,0.0016089940107528733,0.6882444994351987,0.020320105143220014,-1523.9321635762421,3069.8643271524843,3103.1270128817932,1952861
2,0,1952861,152,170.5256586235805,5.916886696607668e-25,185.90376590624973,6.355454558182935e-28,5487.62,0,95.89196311218856,3.340753688249591e-11,8.731712784981749e-5,0.0016089940107528733,0.7614300241642258,0.02396867624416343,-1487.0732762795749,3018.1465525591498,3084.6719240177677,1952861
3,0,1952861,152,254.3600225148166,2.1780228930763878e-37,319.42153090104506,3.839959722021293e-50,30439.7,0,136.05561557908845,1.867160475770951e-15,1.302414549962938e-4,0.0016089940107528733,0.8069570069439207,0.021020805908574258,-1445.1560943339568,2950.3121886679137,3041.028604293302,1952861
