model,convergence,n,nevent,statistic.log,p.value.log,statistic.sc,p.value.sc,statistic.wald,p.value.wald,statistic.robust,p.value.robust,r.squared,r.squared.max,concordance,std.error.concordance,logLik,AIC,BIC,nobs
0,0,1967686,153,130.32948305037462,1.4930558261540827e-22,123.15517635078834,4.198725755401587e-21,6836.45,0,112.07030935485955,7.064935766654818e-19,6.623270530237146e-5,0.0019186197825136198,0.7168954692706082,0.017628437953790804,-1824.2690338284247,3670.5380676568493,3703.872884792166,1967686
1,0,1967686,153,124.45233568000822,2.2991938697615906e-21,116.4124498091501,9.531403867754439e-20,5630.15,0,105.12083722273177,1.719768649481364e-17,6.324606673935307e-5,0.0016098002874391781,0.7024477503692632,0.019752205094919966,-1522.8407395150725,3067.681479030145,3101.016296165462,1967686
2,0,1967686,153,204.10747925764645,1.7841747287912013e-31,210.34823107456666,1.06098487933431e-32,6525.77,0,111.89920992959237,5.048537412371927e-14,1.0372432065874904e-4,0.0016098002874391781,0.7843598701608838,0.02222829966833025,-1483.0131677262534,3010.026335452507,3076.6959697231405,1967686
3,0,1967686,153,290.35990356080356,2.085088896319569e-44,347.73712968205325,8.886928009876005e-56,28910.76,0,138.3665634728026,7.412692103913101e-16,1.475532586291406e-4,0.0016098002874391781,0.8262111389225476,0.019400669635176164,-1439.8869555746749,2939.7739111493497,3030.687048791123,1967686
