model,convergence,n,nevent,statistic.log,p.value.log,statistic.sc,p.value.sc,statistic.wald,p.value.wald,statistic.robust,p.value.robust,r.squared,r.squared.max,concordance,std.error.concordance,logLik,AIC,BIC,nobs
0,0,3316207,6355,291.6283088285418,5.084442770365978e-60,258.34152349918685,6.758860387313329e-53,247.92,1.1424086705759207e-50,361.886126777754,4.327929327905003e-75,8.79364545882666e-5,0.04744223497238975,0.5391657481370167,0.0023042878488539844,-80445.52404032093,160903.04808064186,160943.5900637436,3316207
1,0,3316207,6355,2006.574312917568,0,1563.5779072495814,0,1358.81,7.729792643386598e-286,2704.1972336485746,0,6.048981155895028e-4,0.04010234657489997,0.6499608912916757,0.003328795637780603,-66860.58635612697,133741.17271225393,133808.74268409016,3316207
2,0,3316207,6355,2227.73369924078,0,1772.2896240954678,0,1590.84,0,2801.6011778516845,0,6.715460170747534e-4,0.04010234657489997,0.6599754187871375,0.0033365863326017234,-66750.00666296536,133542.01332593072,133683.9102667868,3316207
3,0,3316207,6355,3399.6281095055456,0,2384.5552407919295,0,1812.73,0,4825.205897872432,0,0.0010246302872408686,0.04010234657489997,0.6901775204284819,0.0030781497256468487,-66164.05945783298,132386.11891566595,132582.07183399104,3316207
