model,convergence,n,nevent,statistic.log,p.value.log,statistic.sc,p.value.sc,statistic.wald,p.value.wald,statistic.robust,p.value.robust,r.squared,r.squared.max,concordance,std.error.concordance,logLik,AIC,BIC,nobs
0,0,3387109,6444,302.83705174774514,2.0175948806548525e-62,267.7476124125529,6.579513744464608e-55,256.64,1.5624654984807977e-52,376.8367404207067,2.659303027580853e-78,8.940471476293066e-5,0.047125101694294735,0.5390607697346512,0.0022904601849286894,-81599.26069476003,163210.52138952006,163251.14681798583,3387109
1,0,3387109,6444,2026.8158914891246,0,1572.320455383899,0,1360.93,2.702525640966925e-286,2729.164838981629,0,5.982121030442267e-4,0.039832811129065004,0.649173646844416,0.003303157434151901,-67825.94914368741,135671.89828737482,135739.6073348178,3387109
2,0,3387109,6444,2254.484405265015,0,1786.8896897821714,0,1597.64,0,2829.5931697193746,0,6.653858116436595e-4,0.039832811129065004,0.6597734340105248,0.003315212968903113,-67712.11488679946,135466.22977359893,135608.41877322915,3387109
3,0,3387109,6444,3445.390796073276,0,2409.6514011367813,0,1822.47,0,4896.673086232906,0,0.001016689764741452,0.039832811129065004,0.6899272706805081,0.003060248486059205,-67116.66169139533,134291.32338279067,134487.67962037527,3387109
