criteria,n,n_exclude,pct_exclude,pct_all,pct_step
c0_all,490236,NA,NA,1,NA
c1_notmissing,453923,36313,0.07407248753661502,0.925927512463385,0.925927512463385
c2_notcev,438029,15894,0.035014749197551126,0.8935063928393672,0.9649852508024489
c3_nopriorvaccine,436571,1458,0.0033285467400560238,0.8905323150482625,0.996671453259944
c4_4jan,369874,66697,0.1527746918599724,0.7544815150254164,0.8472253081400276
