criteria,n,n_exclude,pct_exclude,pct_all,pct_step
c0_all,491442,NA,NA,1,NA
c1_notmissing,443747,47695,0.0970511270912946,0.9029488729087054,0.9029488729087054
c2_notcev,428196,15551,0.03504474396446624,0.8713052608446165,0.9649552560355338
c3_nopriorvaccine,426742,1454,0.0033956412484002652,0.8683466207609444,0.9966043587515997
c4_enddate,409719,17023,0.03989061306363095,0.833707741707058,0.960109386936369
c5_4jan,344457,65262,0.15928477810401764,0.7009107890656476,0.8407152218959824
