model,convergence,ram,n,nevent,statistic.log,p.value.log,statistic.sc,p.value.sc,statistic.wald,p.value.wald,statistic.robust,p.value.robust,r.squared,r.squared.max,concordance,std.error.concordance,logLik,AIC,BIC,nobs,model_name,outcome
0,0,0.345 GB,2053986,6689,339.5168969024089,3.9978283875120013e-66,346.91830591396723,1.0877413161960658e-67,336.67,1.5995046145410004e-65,311.21026878923425,3.7971689706502643e-60,1.6528293666784322e-4,0.0765838693534131,0.5609044132980952,0.0034710052856544845,-81656.21724153616,163334.4344830723,163409.32489938862,2053986,Unadjusted,postest
1,0,0.345 GB,2053986,6689,320.386609363195,4.398144040846884e-62,327.0193631031797,1.7489605858821658e-63,317.87,1.4940716098993653e-61,294.5692080970666,1.2199498674638722e-56,1.559706946652195e-4,0.06580817198338595,0.5555941042892931,0.0036800970012721935,-69750.79262730172,139523.58525460344,139598.47567091975,2053986,Adjusting for time,postest
2,0,0.345 GB,2053986,6689,558.2905793320097,4.8202002737264125e-104,567.2981182332384,6.256898348309077e-106,550.53,2.0335105808815903e-102,502.3973661430416,2.3108781596003e-92,2.717714298835494e-4,0.06580817198338595,0.5818786035251149,0.003897640842203552,-69631.84064231731,139307.68128463463,139457.46211726725,2053986,Adjusting for time + demographics,postest
3,0,0.345 GB,2053986,6689,1153.5704377086076,1.6974769323370926e-223,1040.601119860121,1.3655635246029195e-199,948.53,3.675324533085078e-180,1339.4635458996997,5.8959191644672965e-263,5.6146758604525e-4,0.06580817198338595,0.6138813229280827,0.0037063385535943323,-69334.20071312902,138728.40142625803,138932.64801621158,2053986,Adjusting for time + demographics + clinical,postest
