by,by_id,by_chr,by_col,n,N,p
BNT162b2,1,BNT162b2,stat_1,253134,317341,0.7976719049854888
ChAdOx1,2,ChAdOx1,stat_2,64207,317341,0.2023280950145112
