by,by_id,by_chr,by_col,n,N,p
BNT162b2,1,BNT162b2,stat_1,286559,361287,0.7931616692546369
ChAdOx1,2,ChAdOx1,stat_2,74728,361287,0.2068383307453631
