model,convergence,n,nevent,statistic.log,p.value.log,statistic.sc,p.value.sc,statistic.wald,p.value.wald,statistic.robust,p.value.robust,r.squared,r.squared.max,concordance,std.error.concordance,logLik,AIC,BIC,nobs
0,0,3440790,153,38.889067326339955,7.525035311838266e-7,29.468355975694937,4.959485920341145e-5,376.44,3.2323169346898964e-78,62.585582679441835,1.3406358701614455e-11,1.130230195911519e-5,0.0011284823033300695,0.585114150930496,0.013059720281990629,-1923.087041090271,3858.174082180542,3876.3567097088967,3440790
1,0,3440790,153,82.23486959094907,1.8284177763738008e-13,66.22575036612025,2.360730988665941e-10,468.32,2.570645284772903e-94,79.273754757158,6.96660287677462e-13,2.389971108152089e-5,9.505192952493635e-4,0.6967582903950323,0.020964791528671478,-1594.928878186639,3209.857756373278,3240.162135587202,3440790
2,0,3440790,153,161.46749400609997,1.1325247003517768e-23,156.3185667672903,1.0971545435628497e-22,544.78,6.2886031715726405e-102,92.39711121959786,6.208258741655665e-11,4.6926346983333644e-5,9.505192952493635e-4,0.7599959043466773,0.02190849031944117,-1555.3125659790635,3152.625131958127,3216.264328307368,3440790
3,0,3440790,153,247.28326721405074,1.7124460668078935e-36,291.2279507997492,4.388860088567588e-45,30041.41,0,139.09782868421718,2.4813045856368305e-16,7.186558363903028e-5,9.505192952493635e-4,0.8027639714625445,0.02039702148451599,-1512.404679375088,3082.809358750176,3170.6920584705567,3440790
