model,convergence,n,nevent,statistic.log,p.value.log,statistic.sc,p.value.sc,statistic.wald,p.value.wald,statistic.robust,p.value.robust,r.squared,r.squared.max,concordance,std.error.concordance,logLik,AIC,BIC,nobs
0,0,3369564,152,30.986195539496293,2.550358395164852e-5,25.174894927455117,3.169077231170043e-4,376.54,3.0856625141431423e-78,45.950063998878136,3.029100444198528e-8,9.195864232536266e-6,0.0011443795281139701,0.5815467065686823,0.013275306261808732,-1913.6409737884887,3839.2819475769775,3857.425230702055,3369564
1,0,3369564,152,72.84816811512428,1.2460609515582389e-11,60.59064416730926,2.80145993568036e-9,479.24,1.198842041338748e-96,76.92932414766119,2.0015185016252666e-12,2.1619230455849348e-5,9.643880964665952e-4,0.6813978385351702,0.021227668183171122,-1589.1435869878137,3198.2871739756274,3228.5259791840904,3369564
2,0,3369564,152,146.1959852998698,9.25099186588601e-21,144.21688509606875,2.190641050761605e-20,550.93,3.2237364679063285e-103,90.51297087972348,1.316144314324096e-10,4.338627010136431e-5,9.643880964665952e-4,0.7474147755991524,0.02197927749090128,-1552.469678395441,3146.939356790882,3210.440847728654,3369564
3,0,3369564,152,229.76534771003026,4.081223921061379e-33,275.5959912521259,5.197668153817472e-42,30269.13,0,137.74016351721232,4.2951269524827554e-16,6.818612562831117e-5,9.643880964665952e-4,0.7958490168482272,0.02000244954116035,-1510.6849971903607,3079.3699943807214,3167.0625294852634,3369564
