model,convergence,ram,n,nevent,statistic.log,p.value.log,statistic.sc,p.value.sc,statistic.wald,p.value.wald,statistic.robust,p.value.robust,r.squared,r.squared.max,concordance,std.error.concordance,logLik,AIC,BIC,nobs,model_name,outcome
0,0,0.345 GB,2055464,14058,94.61445808975259,2.06749544159145e-15,101.69097675648594,8.255439416214668e-17,100.6,1.3591159737726747e-16,82.57247575975353,4.68425140355977e-13,4.6029646122769385e-5,0.1553738417376258,0.5160061974393602,0.0023264642449296593,-173496.71639775106,347015.43279550213,347098.49321148725,2055464,Unadjusted,emergency
1,0,0.345 GB,2055464,14058,88.62579771317542,3.0975613002889754e-14,95.18614286554875,1.595205869119709e-15,94.07,2.6404854452016104e-15,77.21610168865038,5.083645049726614e-12,4.3116243871765825e-5,0.1342117047743865,0.5174367571468699,0.0024663964470344204,-148067.14357802953,296156.28715605906,296239.3475720442,2055464,Adjusting for time,emergency
2,0,0.345 GB,2055464,14058,730.2463554451242,3.2038770263539226e-140,764.1099930901796,2.2315496980368686e-147,719.48,6.025222946000226e-138,619.0937134548432,8.457124951408604e-117,3.552077064833403e-4,0.1342117047743865,0.5609702654775247,0.0027221160096587136,-147746.33329916355,295536.6665983271,295702.7874302973,2055464,Adjusting for time + demographics,emergency
3,0,0.345 GB,2055464,14058,1329.047734059277,9.658825089363243e-261,1414.8091400055075,5.517076826227924e-279,1356.5,1.402629370974728e-266,1086.57713484533,2.5948311020440703e-209,6.463835661744133e-4,0.1342117047743865,0.5840507459474027,0.0026993939631794112,-147446.93260985648,294953.86521971296,295180.39362694504,2055464,Adjusting for time + demographics + clinical,emergency
