First dose,"Second dose, up to 20 weeks",n,pct,pct_nonmiss,REDACTED
BNT162b2,BNT162b2,249068,0.9839373612395016,0.9988450247838432,FALSE
BNT162b2,ChAdOx1,NA,NA,NA,TRUE
BNT162b2,Moderna,NA,NA,NA,TRUE
BNT162b2,No second dose,3778,0.014924901435603277,0,FALSE
ChAdOx1,BNT162b2,118,0.0018378058467145328,0.0018855563190105624,FALSE
ChAdOx1,ChAdOx1,62456,0.9727288301898547,0.9980025886451159,FALSE
ChAdOx1,Moderna,NA,NA,NA,TRUE
ChAdOx1,No second dose,1626,0.025324341582693477,0,FALSE
