First dose,Matching second dose,n,pct,pct_nonmiss,REDACTED
BNT162b2,no,288,0.001137737324895115,0.0011548686938354874,FALSE
BNT162b2,yes,249091,0.9840282222064203,0.9988451313061645,FALSE
BNT162b2,no second dose at 20 weeks,3755,0.01483404046868457,0,FALSE
ChAdOx1,no,125,0.0019468282274518354,0.0019971879593532306,FALSE
ChAdOx1,yes,62463,0.972837852570592,0.9980028120406468,FALSE
ChAdOx1,no second dose at 20 weeks,1619,0.025215319201956174,0,FALSE
