model,convergence,n,nevent,statistic.log,p.value.log,statistic.sc,p.value.sc,statistic.wald,p.value.wald,statistic.robust,p.value.robust,r.squared,r.squared.max,concordance,std.error.concordance,logLik,AIC,BIC,nobs
0,0,1949532,12631,68.89141138578998,1.9835657009989576e-10,73.86376634971312,2.2378399576138403e-11,73.23,2.954163008397249e-11,60.42164425958012,7.741342974301781e-9,3.5336785535244886e-5,0.14999794662152577,0.5149702494632782,0.0023227375883930587,-158381.12634736547,316784.25269473094,316866.1356980075,1949532
1,0,1949532,12631,67.48715796286706,3.659268571483837e-10,72.11694076253868,4.8277185306439343e-11,71.45,6.459931734091705e-11,59.37789579283765,1.2095914702493924e-8,3.461650789582382e-5,0.1271366116195638,0.5160770312715592,0.0025384321327842968,-132511.25310296114,265044.5062059223,265126.3892091988,1949532
2,0,1949532,12631,624.1464720242657,7.331871876029546e-118,652.4562384778561,8.12562216224918e-124,615.77,4.22258746201328e-116,531.8753963372619,1.6193512406844345e-98,3.201007071597095e-4,0.1271366116195638,0.5606589530109614,0.0028980496346973626,-132232.92344593044,264509.8468918609,264673.6128984139,1949532
3,0,1949532,12631,1142.910174484714,3.078242113078186e-221,1216.0384524642086,9.663597131480576e-237,1168.24,1.3245142714117785e-226,939.3961770852395,3.0965576648328504e-178,5.860766713576826e-4,0.1271366116195638,0.5836494187972334,0.0028709986914939103,-131973.54159470022,264007.08318940044,264230.4004710637,1949532
