model,convergence,n,nevent,statistic.log,p.value.log,statistic.sc,p.value.sc,statistic.wald,p.value.wald,statistic.robust,p.value.robust,r.squared,r.squared.max,concordance,std.error.concordance,logLik,AIC,BIC,nobs
0,0,1933464,12536,60.48824734415393,7.523669444959052e-9,64.3906602132288,1.4027840931856833e-9,63.09,2.459213754025217e-9,52.90779413400404,1.8658784830452172e-7,3.128442069222359e-5,0.15003879629010575,0.513698429077932,0.0023350143166019173,-157126.13088766646,314274.2617753329,314356.0617329573,1933464
1,0,1933464,12536,58.693757299974095,1.619497988339724e-8,62.33016239712101,3.4121144050995803e-9,60.86,6.404165520176092e-9,51.3015910365131,3.647083391009603e-7,3.0356327519909243e-5,0.12721587569454507,0.5156214687509686,0.0025431124326895952,-131511.00904673053,263044.01809346105,263125.81805108546,1933464
2,0,1933464,12536,590.4300487287692,8.836464339066826e-111,616.7528787335856,2.6250109253429185e-116,585.27,1.0701988288802211e-109,506.7507132023129,2.856120655878056e-93,3.0532759174661805e-4,0.12721587569454507,0.5597539027466167,0.0029095297820480957,-131245.14090101613,262534.28180203226,262697.88171728107,1933464
3,0,1933464,12536,1099.9047221779474,3.926853568063798e-212,1170.242297670899,4.973310599162719e-227,1130.36,1.4026894392208894e-218,910.0043406096532,4.790601101660862e-172,5.68716007028236e-4,0.12721587569454507,0.5828150330091759,0.0028800192615894417,-130990.40356429154,262040.80712858308,262263.89792210417,1933464
