model,convergence,ram,n,nevent,statistic.log,p.value.log,statistic.sc,p.value.sc,statistic.wald,p.value.wald,statistic.robust,p.value.robust,r.squared,r.squared.max,concordance,std.error.concordance,logLik,AIC,BIC,nobs,model_name,outcome
0,0,0.62 GB,3689567,155,43.21632923163406,1.0569216830409336e-7,31.965544735144174,1.656763551283157e-5,382.46,1.6432137952853225e-79,65.86634475236893,2.8701255917335894e-12,1.1713048206907217e-5,0.0010679209054855754,0.5894759946212975,0.013497259254258417,-1949.527396998635,3911.05479399727,3929.3153446987853,3689567,Unadjusted,covidadmitted
1,1,0.62 GB,3689567,155,-9632.328639737305,1,83.47788596092471,1.1103049397356662e-7,6348.18,0,122.5925271820842,3.8551682909934675e-14,-0.002614104342790302,9.132787886656502e-4,0.7211225767737811,0.019191403872806503,-6501.735775639393,13057.471551278786,13139.644029435605,3689567,Adjusting for time,covidadmitted
2,1,0.62 GB,3689567,155,-9538.483173632054,1,158.97484109664268,9.718792471241014e-17,5293.72,0,127.67554811781724,1.2618792363402605e-11,-0.002588602816096408,9.132787886656502e-4,0.7764220273974034,0.01952784603794391,-6454.813042586768,12985.626085173535,13101.276239616467,3689567,Adjusting for time + demographics,covidadmitted
3,1,0.62 GB,3689567,155,-Inf,1,276.9090916532441,1.0055593456999956e-34,0,1,144.43336756291458,4.2674147326258336e-12,-Inf,9.132787886656502e-4,0.8184524664891731,0.01843333178518867,-Inf,Inf,Inf,3689567,Adjusting for time + demographics + clinical,covidadmitted
