model,convergence,n,nevent,statistic.log,p.value.log,statistic.sc,p.value.sc,statistic.wald,p.value.wald,statistic.robust,p.value.robust,r.squared,r.squared.max,concordance,std.error.concordance,logLik,AIC,BIC,nobs
0,0,1946524,6444,343.8243865171971,4.908593908096481e-67,352.6705547774321,6.597709571793185e-69,342.84,7.943481391328583e-67,314.5639687922319,7.447747417087576e-61,1.766194624798212e-4,0.07792126732445093,0.5614653237113316,0.003519166665258361,-78783.64220880248,157589.28441760497,157663.76436979225,1946524
1,0,1946524,6444,318.62444305440295,1.0356400192337056e-61,325.95966163004215,2.92811061728599e-63,317.39,1.8874237805429154e-61,292.91933614526323,2.7146025733611017e-56,1.6367554000318307e-4,0.06566525018155778,0.5560394527041417,0.003811484881330027,-65945.12988580338,131912.25977160677,131986.73972379405,1946524
2,0,1946524,6444,536.2219483493536,1.9985255607635462e-99,544.9610250485454,2.97155839954731e-101,531.77,1.7049985999646223e-98,485.5108941364912,7.63423229786063e-89,2.754387291462601e-4,0.06566525018155778,0.5797860662681349,0.004061284394044306,-65836.33113315591,131716.66226631182,131865.62217068634,1946524
3,0,1946524,6444,1714.2873654061696,0,1283.1270630178049,5.533654968932839e-251,902.32,1.9856081379177917e-170,3762.658490942553,0,8.803039200689922e-4,0.06566525018155778,0.6250086768266021,0.0037157262575873125,-65247.2984246275,130554.596849255,130757.7239915839,1946524
