model,convergence,n,nevent,statistic.log,p.value.log,statistic.sc,p.value.sc,statistic.wald,p.value.wald,statistic.robust,p.value.robust,r.squared,r.squared.max,concordance,std.error.concordance,logLik,AIC,BIC,nobs
0,0,1931003,6355,281.6393486521556,6.410943351644281e-54,280.5175228222683,1.103518951420476e-53,275.71,1.1307608069090372e-52,274.2810799518206,2.2562645605561983e-52,1.4584069051903903e-4,0.07717597497316164,0.5549866016019622,0.003519038271535919,-77405.09212490694,154832.18424981387,154906.51121883374,1931003
1,0,1931003,6355,259.93878129913355,2.310043183567785e-49,257.9881159615103,5.923745328360018e-49,253.83,4.401348504534502e-48,254.9643538641778,2.548825437186288e-48,1.3460428930933688e-4,0.06499007791932909,0.5500233581412024,0.0038185934948340517,-64749.9335478201,129521.8670956402,129596.19406466007,1931003
2,0,1931003,6355,472.265860835847,4.357952146066199e-86,472.00404646626356,4.940114047126014e-86,457.6,4.863204339274735e-83,439.43584667059866,2.8624790631522524e-79,2.445403318673822e-4,0.06499007791932909,0.5773539856739436,0.004106296471899169,-64643.770008051746,129331.54001610349,129480.19395414321,1931003
3,0,1931003,6355,1629.641559528347,0,1198.036714534745,6.3626686628844935e-233,820.73,2.757212081241374e-153,3662.9980176575255,0,8.435792678361809e-4,0.06499007791932909,0.6231407659029125,0.0037699431952450935,-64065.082158705496,128190.16431741099,128392.8742329197,1931003
