model,convergence,ram,n,nevent,statistic.log,p.value.log,statistic.sc,p.value.sc,statistic.wald,p.value.wald,statistic.robust,p.value.robust,r.squared,r.squared.max,concordance,std.error.concordance,logLik,AIC,BIC,nobs,model_name,outcome
0,0,0.608 GB,3617675,14058,94.37121257348917,3.737173241327567e-18,98.21034960251652,5.926546186141628e-19,97.58,8.008421884768812e-19,87.01888680349694,1.259454016221359e-16,2.6085809724074593e-5,0.09316898992257627,0.516375011950154,0.0019164252627331538,-176855.60911083408,353723.21822166815,353768.52390311455,3617675,Unadjusted,emergency
1,0,0.608 GB,3617675,14058,240.9830230299267,3.141479426383524e-36,263.99509346899725,9.794155732529236e-41,259.69,6.880438732628609e-40,201.38445968543735,1.3524508341156649e-28,6.661046029443618e-5,0.08032970714246657,0.5285623337488572,0.0026921802724548857,-151351.65208535883,302757.30417071766,302961.1797372265,3617675,Adjusting for time,emergency
2,0,0.608 GB,3617675,14058,878.6757548769237,9.553073085641028e-160,929.707936889449,2.1825053752686785e-170,878.34,1.12101481425841e-159,726.4198203330574,3.6178193288692724e-128,2.428546111323815e-4,0.08032970714246657,0.5676888148492953,0.0026652215239037244,-151032.80571943533,302141.61143887066,302428.54742136464,3617675,Adjusting for time + demographics,emergency
3,0,0.608 GB,3617675,14058,1476.4351635237108,2.8746732960713466e-279,1580.051281734428,4.0347110820328276e-301,1517.93,5.16018188739321e-288,1188.5063878206004,8.167294375751662e-219,4.0803386850929435e-4,0.08032970714246657,0.5890599197368194,0.002633216103447909,-150733.92601511194,301559.8520302239,301907.19558797975,3617675,Adjusting for time + demographics + clinical,emergency
