model,convergence,n,nevent,statistic.log,p.value.log,statistic.sc,p.value.sc,statistic.wald,p.value.wald,statistic.robust,p.value.robust,r.squared,r.squared.max,concordance,std.error.concordance,logLik,AIC,BIC,nobs
0,0,3378713,12631,43.95060267095687,7.560704920692854e-8,45.756300440820034,3.3103811369772e-8,45.48,3.7608527439880165e-8,40.49318479558359,3.643562512954848e-7,1.3008005360526376e-5,0.08949625870531863,0.5098232816556985,0.0018730657586124271,-158367.47949251163,316746.95898502326,316791.6224413559,3378713
1,0,3378713,12631,76.73352506005904,2.1856007178187947e-12,79.9207054319009,5.203372870561486e-13,80.45,4.101605518244446e-13,71.0070331279657,2.8325049962938825e-11,2.271061606118341e-5,0.07544588863659007,0.5162999862987947,0.0028979076777575176,-132481.00680170307,264982.01360340614,265056.4526972939,3378713
2,0,3378713,12631,634.0708826361806,1.0779887044439455e-120,660.969808554987,2.3038850044556068e-126,629.71,8.937942205439427e-120,545.7237277927925,3.981525586467846e-102,1.8764878504329285e-4,0.07544588863659007,0.5625953831089561,0.002905699962116223,-132202.338122915,264446.67624583,264602.99834299425,3378713
3,0,3378713,12631,1153.7470755921095,2.4456390297061584e-224,1225.7548455831798,1.2777637440338487e-239,1183.29,1.319492382345194e-230,952.8606509977002,7.778923271303139e-182,3.414170158699825e-4,0.07544588863659007,0.5856841678239896,0.00287913930864818,-131942.50002643705,263943.0000528741,264158.87342514854,3378713
