model,convergence,n,nevent,statistic.log,p.value.log,statistic.sc,p.value.sc,statistic.wald,p.value.wald,statistic.robust,p.value.robust,r.squared,r.squared.max,concordance,std.error.concordance,logLik,AIC,BIC,nobs
0,0,3307008,12536,35.034646573651116,4.243403240268133e-6,36.40049131616197,2.3040600326604176e-6,36.26,2.451121537696864e-6,32.448683117092415,1.3383652370444876e-5,1.0594005516395555e-5,0.09063414649310142,0.5090548200130297,0.001879042650490262,-157078.23797025738,314168.47594051476,314213.09409921896,3307008
1,0,3307008,12536,76.04664159473032,2.9753286481327892e-12,79.37278146107708,6.662373997130072e-13,78.2,1.1285285789315194e-12,68.5413230410923,8.473345174814642e-11,2.2995338152309586e-5,0.07643761169517327,0.5153497729481573,0.0029041751131377953,-131443.5306606378,262907.0613212756,262981.42491911596,3307008
2,0,3307008,12536,609.5127552666236,1.5955426130288418e-115,635.6512309635236,5.008216322929424e-121,607.87,3.5399012409822877e-115,526.5961961617585,4.04484131934185e-98,1.8429244478501694e-4,0.07643761169517327,0.5616702588825715,0.0029179434678155308,-131176.79760380185,262395.5952076037,262551.7587630685,3307008
3,0,3307008,12536,1119.9551003207162,3.5666007682207308e-217,1190.4715179355735,3.955255973702661e-232,1155.13,1.2460971340428902e-224,929.8592513494725,5.529139815189554e-177,3.3860380110706245e-4,0.07643761169517327,0.5847200059262264,0.0028890683655179755,-130921.5764312748,261901.1528625496,262116.80729628666,3307008
